{
  "0x3f1201a68b513049f0f6e182f742a0dce970d8cd": 0.000777,
  "0x81d226fb36ca785583e79e84312335d0e166d59b": 0.000777,
  "0xa545f209fb4997bccdf991d21be1eccd714569fb": 0.000777,
  "0x48378bbf8948ffe4f32fa58646b7d7fe624de922": 0.000777
}